Steel,Target,Target UTS,Target YS,T_austenitize,t_austenitize,Quench,T_temper,t_temper,Pred UTS,Pred YS,Pred HRC,Pred El,Score
AISI 4340-like,High Strength,1300.0,1100.0,867.22607421875,3.0047905445098877,Oil,571.1610107421875,4.803540229797363,1373.6080322265625,1022.2850952148438,42.634429931640625,9.105079650878906,-2060.43017578125
AISI 4340-like,Medium Strength,900.0,750.0,846.59130859375,2.4711837768554688,Air,525.6072998046875,4.5588202476501465,1150.950439453125,870.6537475585938,34.08574295043945,18.393117904663086,-13099.1162109375
AISI 4340-like,High Toughness,650.0,450.0,859.9334106445312,2.082176685333252,Polymer,530.5961303710938,5.341580390930176,1144.4671630859375,865.9762573242188,33.819881439208984,18.70899772644043,-71708.015625
AISI 1045-like,High Strength,1300.0,1100.0,828.1861572265625,2.454089641571045,Polymer,397.908203125,4.483014106750488,1305.15966796875,981.5917358398438,39.907310485839844,10.13607120513916,-2456.82177734375
AISI 1045-like,Medium Strength,900.0,750.0,809.3126831054688,1.4544398784637451,Polymer,673.1187744140625,6.600338459014893,1014.9566650390625,768.9662475585938,28.672536849975586,19.592086791992188,-2442.14404296875
AISI 1045-like,High Toughness,650.0,450.0,881.4130859375,2.6157970428466797,Air,691.4497680664062,6.540118217468262,964.5629272460938,732.8814697265625,26.833099365234375,21.007970809936523,-31749.14453125
Low-carbon steel,High Strength,1300.0,1100.0,960.9947509765625,0.8163247108459473,Water,376.7688293457031,2.887986660003662,1339.3924560546875,1023.6947631835938,41.54207229614258,9.430960655212402,-1349.547119140625
Low-carbon steel,Medium Strength,900.0,750.0,899.8406372070312,3.396453857421875,Air,697.25,7.009561061859131,1150.7384033203125,880.8981323242188,34.42658233642578,15.323025703430176,-13596.6298828125
Low-carbon steel,High Toughness,650.0,450.0,884.6812133789062,2.6893012523651123,Air,697.25,6.268063068389893,1155.2392578125,883.4429931640625,34.548583984375,15.38519287109375,-76495.4921875
